Exposure,Configuration,Risk_policy,Risk_natural,RD,RR,Prevented_fraction,ESS,Ratio_max,Pct_shifted,RD_se,RD_lo,RD_hi,p,RR_lo,RR_hi,E_value,N,Boot_lo,Boot_hi,Boot_se,Boot_p,Boot_B
SBP_at_admission,"PRIMARY: DR, tier-based set, flexible, ratio truncated",0.12446819720407762,0.13859275053304904,-0.014124553328971418,0.8980859152109602,0.10191408478903993,398.98576088368173,1.9314317854924208,0.42857142857142855,0.006692906815497248,-0.027242650687346024,-0.001006455970596811,0.03482593810289921,0.8107261544630823,0.9948702886645819,1.4689461579271255,469.0,,,,,
SBP_at_admission,− outcome model (IPW only),0.12413003058505212,0.13859275053304904,-0.014462719947996909,0.8956459129906069,0.10435408700939308,398.9857608836817,1.931431785492421,0.42857142857142855,0.0076531148131697155,-0.02946282498180955,0.0005373850858157326,0.05878709862893047,0.7964132674391673,1.0072487928352976,1.4771896045703135,469.0,,,,,
SBP_at_admission,− density ratio (g-computation only),0.13225858541293573,0.13929244568047247,-0.007033860267536732,0.9495029446993919,0.05049705530060811,398.98576088368156,1.931431785492421,0.42857142857142855,0.0005974144529710725,-0.008204792595360035,-0.00586292793971343,5.324651397906623e-32,0.9422088872746317,0.9568535145395258,1.2898490788404167,469.0,,,,,
SBP_at_admission,linear instead of flexible nuisances,0.12974589044918666,0.13859275053304904,-0.008846860083862387,0.9361665018564391,0.06383349814356092,346.32977442808544,3.418925793844246,0.42857142857142855,0.011963271045191863,-0.03229487133243844,0.014601151164713666,0.4596023668137509,0.7848758509218877,1.1166701945279622,1.338066377968759,469.0,,,,,
SBP_at_admission,graph-based adjustment set,0.12382607722670903,0.13859275053304904,-0.014766673306340003,0.8934527726050236,0.10654722739497632,398.64925227732897,1.870304894865737,0.42857142857142855,0.006560122229051,-0.027624512875279963,-0.0019088337374000425,0.02438709986785921,0.8076011272691177,0.9884315271096316,1.4845952338292234,469.0,,,,,
SBP_at_admission,minimal clinical adjustment set,0.1277370895881465,0.13859275053304904,-0.01085566094490252,0.9216722310283187,0.07832776897168126,391.96528741163684,1.7512977643510965,0.42857142857142855,0.007185319750589044,-0.02493888765605705,0.0032275657662520062,0.1308365819735876,0.8268976673978039,1.0273104458841442,1.3886400644516657,469.0,,,,,
SBP_at_admission,no ratio truncation,0.12534906839442675,0.13859275053304904,-0.01324368213862228,0.9044417396459408,0.09555826035405923,398.06259173775476,2.181358215755818,0.42857142857142855,0.006939947889224688,-0.026845980001502668,0.000358615724258108,0.05634911052914942,0.8134227835477517,1.0056543982633053,1.4474398229198244,469.0,,,,,
Blood_glucose_at_admission,"PRIMARY: DR, tier-based set, flexible, ratio truncated",0.13426648912230488,0.13958810068649885,-0.005321611564193973,0.9618763237122496,0.03812367628775026,422.7259878150886,1.3143186640023248,0.2837528604118993,0.003061144449792339,-0.011321454685786957,0.0006782315573990111,0.08213356637286474,0.920936710632934,1.0046359975804782,1.2426263363834313,437.0,,,,,
Blood_glucose_at_admission,− outcome model (IPW only),0.13459127115503955,0.13958810068649885,-0.004996829531459315,0.9642030408975784,0.03579695910242166,422.7259878150886,1.3143186640023248,0.2837528604118993,0.0035217049672761026,-0.011899371267320477,0.0019057122044018457,0.15593791321578926,0.9169927016614048,1.0138447164590025,1.2333510607734839,437.0,,,,,
Blood_glucose_at_admission,− density ratio (g-computation only),0.13894117167070735,0.14154000885041404,-0.0025988371797066867,0.9816391038150099,0.01836089618499013,422.7259878150886,1.3143186640023248,0.2837528604118993,0.0002901765552665525,-0.0031675832280291297,-0.0020300911313842437,3.3650227811565734e-19,0.9778243550163006,0.985468775353792,1.1567411893154005,437.0,,,,,
Blood_glucose_at_admission,linear instead of flexible nuisances,0.13831620771573438,0.13958810068649885,-0.0012718929707644655,0.9908882421602612,0.009111757839738877,419.737707033938,1.5386283330732995,0.2837528604118993,0.0034021244942621567,-0.007940056979518294,0.005396271037989362,0.7085140087210181,0.9443250453477995,1.0397476889771078,1.1055288391403226,437.0,,,,,
Blood_glucose_at_admission,graph-based adjustment set,0.1346234476064576,0.13958810068649885,-0.004964653080041237,0.9644335508856062,0.03556644911439378,422.28358019246457,1.3245405194034132,0.2837528604118993,0.00309590493230765,-0.01103262674736423,0.0011033205872817567,0.10879798109467856,0.9234328871789392,1.0072548073406193,1.2324236241291635,437.0,,,,,
Blood_glucose_at_admission,minimal clinical adjustment set,0.13160524184148414,0.13958810068649885,-0.00798285884501472,0.9428113227004683,0.057188677299531684,414.95934040474566,1.5661001372849244,0.2837528604118993,0.0038515884154141926,-0.015531972139226538,-0.00043374555080290256,0.03820815001928705,0.893131180661037,0.9952550469796253,1.3143049012677832,437.0,,,,,
Blood_glucose_at_admission,no ratio truncation,0.1341770798054348,0.13958810068649885,-0.005411020881064044,0.9612358012290986,0.038764198770901426,421.67208784992033,2.03711588698945,0.2837528604118993,0.0030619379974676604,-0.011412419356100658,0.0005903775939725703,0.07719670521361124,0.9202749368422475,1.0040199279141502,1.2451536417296494,437.0,,,,,
Admission_to_groinpunture,"PRIMARY: DR, tier-based set, flexible, ratio truncated",0.13132676618011122,0.13859275053304904,-0.007265984352937821,0.947573128284187,0.052426871715812895,324.7801553997052,3.195096564414797,0.9381663113006397,0.008479391389139054,-0.023885591475650367,0.009353622769774726,0.39150055225743075,0.8360598864183166,1.0739654226412116,1.2969649660341294,469.0,,,,,
Admission_to_groinpunture,− outcome model (IPW only),0.13082630733004041,0.13859275053304904,-0.007766443203008622,0.9439621251967532,0.056037874803246825,324.7801553997052,3.195096564414798,0.9381663113006397,0.009939565833599699,-0.02724799223686403,0.011715105830846787,0.43458700164010444,0.8139958909153993,1.0946793520085323,1.3101407036512165,469.0,,,,,
Admission_to_groinpunture,− density ratio (g-computation only),0.1357417590406811,0.14012348148065046,-0.004381722439969343,0.968729178140355,0.031270821859645026,324.7801553997052,3.195096564414798,0.9381663113006397,0.0003072844015939516,-0.004983999867093488,-0.003779445012845198,3.9123821369523915e-46,0.9654222649405564,0.9720481014826486,1.214824127483741,469.0,,,,,
Admission_to_groinpunture,linear instead of flexible nuisances,0.12431143543177625,0.13859275053304904,-0.014281315101272778,0.8969548187308165,0.10304518126918358,237.94307638946339,5.994497111247183,0.9381663113006397,0.012762369807995716,-0.03929555992494438,0.010732929722398827,0.2631326751842471,0.7336376513830287,1.0966407497542736,1.472768176532561,469.0,,,,,
Admission_to_groinpunture,graph-based adjustment set,0.1284822526527265,0.13859275053304904,-0.010110497880322533,0.9270488691404419,0.07295113085955797,321.8949730314066,3.2795255574039226,0.9381663113006397,0.00879907647499478,-0.027356687771312303,0.007135692010667237,0.2505391569417863,0.812714565142205,1.0574920902730072,1.3700406876688955,469.0,,,,,
Admission_to_groinpunture,minimal clinical adjustment set,0.1302678221238574,0.13859275053304904,-0.008324928409191648,0.9399324396321402,0.060067560367859735,303.30596273678225,3.3255034173317726,0.9381663113006397,0.010406191383752884,-0.0287210635213473,0.012071206702964004,0.4237121722623779,0.8048913850149976,1.097632462227124,1.3246556773695537,469.0,,,,,
Admission_to_groinpunture,no ratio truncation,0.130929747031101,0.13859275053304904,-0.007663003501948054,0.9447084824244056,0.05529151757559442,320.2572973561414,4.0160463444622785,0.9381663113006397,0.008514402981388612,-0.024351233345469733,0.009025226341573624,0.36811769943299477,0.8328048631548539,1.0716542765292778,1.307431347494458,469.0,,,,,
Admission_to_groinpunture,"+ mediators adjusted (INAPPROPRIATE, negative control)",0.1309673784368386,0.13859275053304904,-0.0076253720962104615,0.9449800074904199,0.055019992509580104,329.0225110148102,3.0987698808521236,0.9381663113006397,0.008204744721107842,-0.023706671749581833,0.00845592755716091,0.3526892561699818,0.8371523098482112,1.0666971937568595,1.306443944322875,469.0,,,,,
Thrombolysis,"PRIMARY: AIPW, flexible (treated vs untreated)",0.16280209987313818,0.14285860310944343,0.019943496763694765,1.1409932344935898,,,,,0.038120686866850724,-0.054773049495332654,0.09466004302272218,0.6008578361024892,,,1.5420821606266286,,-0.06938878749731235,0.11451810661804136,0.04520095712775915,0.83,200.0
Thrombolysis,linear instead of flexible nuisances,0.20380465403437786,0.11735174583784098,0.08645290819653689,1.782619320959029,,,,,0.1122188798898758,-0.1334960963876197,0.3064019127806935,0.44106538476806667,,,2.9637680510084676,,,,,,
