Exposure,Label,Delta,Floor,Unit,Risk_policy,Risk_natural,RD,RR,Prevented_fraction,ESS,Ratio_max,Pct_shifted,RD_se,RD_lo,RD_hi,p,RR_lo,RR_hi,E_value,N,Boot_lo,Boot_hi,Boot_se,Boot_p,Boot_B
SBP_at_admission,Admission systolic BP,5,140.0,mmHg,0.13438690398271835,0.13859275053304904,-0.004205846550330683,0.9696531995060755,0.030346800493924467,458.9390797590284,1.262446719486782,0.42857142857142855,0.002466609735261825,-0.009040401631443859,0.0006287085307824939,0.0881734857253783,0.9373495775599476,1.0030700933100563,1.2109518449382544,469,-0.012231136277221208,0.001198346672289838,0.0031529949435283124,0.07,200
SBP_at_admission,Admission systolic BP,10,140.0,mmHg,0.12977640066621715,0.13859275053304904,-0.008816349866831871,0.9363866448070131,0.06361335519298689,443.4505642151342,1.4934647809369133,0.42857142857142855,0.003947150275367979,-0.01655276440655311,-0.0010799353271106317,0.025509487157288385,0.8840628288282075,0.9918080235835188,1.3372861394440354,469,-0.020415677527621818,0.0024103427834848735,0.005476218232387119,0.06,200
SBP_at_admission,Admission systolic BP,15,140.0,mmHg,0.1272169143774305,0.13859275053304904,-0.011375836155618546,0.9179189668156138,0.08208103318438613,415.8924773979229,1.7530819452419935,0.42857142857142855,0.005667603759517984,-0.022484339524273797,-0.00026733278696329695,0.04473171658481099,0.8428624404416518,0.9996605037285853,1.4015375244589487,469,-0.025852255058145947,0.0031393220595178272,0.007259995222977996,0.06,200
SBP_at_admission,Admission systolic BP,20,140.0,mmHg,0.12446819720407762,0.13859275053304904,-0.014124553328971418,0.8980859152109602,0.10191408478903993,398.9857608836817,1.931431785492421,0.42857142857142855,0.006692906815497248,-0.027242650687346024,-0.001006455970596811,0.03482593810289921,0.8107261544630823,0.9948702886645819,1.4689461579271255,469,-0.031873718162084425,0.0013746486482446663,0.008623395926780882,0.06,200
SBP_at_admission,Admission systolic BP,30,140.0,mmHg,0.12087818426810545,0.13859275053304904,-0.01771456626494359,0.8721825911037147,0.1278174088962853,369.0195468354153,2.1261179799665397,0.42857142857142855,0.008090694261083078,-0.03357232701666642,-0.0018568055132207571,0.028560597694466488,0.7676881249623964,0.9909151991350791,1.556458040270465,469,-0.039905517417031945,-0.002080078898474216,0.01031594950604516,0.04,200
Blood_glucose_at_admission,Admission glucose,1,7.8,mmol/L,0.13731864685138584,0.13958810068649885,-0.002269453835113011,0.9837417815418954,0.016258218458104687,432.18606866885864,1.1919822167927454,0.2837528604118993,0.0017829569766719447,-0.005764049509390023,0.0012251418391640003,0.20306788120344665,0.959381767526879,1.0087204840520538,1.1461419453412311,437,-0.007771019368196087,0.0013787469421265338,0.0025669249126506646,0.3,200
Blood_glucose_at_admission,Admission glucose,2,7.8,mmol/L,0.13426648912230488,0.13958810068649885,-0.005321611564193973,0.9618763237122496,0.03812367628775026,422.7259878150886,1.3143186640023248,0.2837528604118993,0.003061144449792338,-0.011321454685786957,0.0006782315573990094,0.08213356637286463,0.920936710632934,1.0046359975804782,1.2426263363834313,437,-0.013814791148621086,0.0014014327155144914,0.004254950334846211,0.16,200
Blood_glucose_at_admission,Admission glucose,3,7.8,mmol/L,0.13260901538466474,0.13958810068649885,-0.006979085301834109,0.9500022905425982,0.049997709457401736,415.2312287960152,1.3906350572039097,0.2837528604118993,0.003771527717348395,-0.014371279627836964,0.0004131090241687443,0.06424635707432112,0.9002566513495516,1.0024974655382122,1.2879986585963894,437,-0.017519564136947004,0.001465255661901364,0.004958192727862127,0.12,200
Blood_glucose_at_admission,Admission glucose,4,7.8,mmol/L,0.1315697073208964,0.13958810068649885,-0.008018393365602464,0.9425567557251102,0.05744324427488978,407.9107085573627,1.4617251851493906,0.2837528604118993,0.004369608426873116,-0.01658282588227377,0.0005460391510688448,0.06650019971211106,0.8855905961106438,1.0031873162681757,1.3152239327242063,437,-0.01979021876299181,0.0013531587743571276,0.005728402987558565,0.11,200
Admission_to_groinpunture,Door-to-groin time,15,60.0,min,0.13570599395787386,0.13859275053304904,-0.0028867565751751617,0.9791709410191207,0.020829058980879243,417.6151391987348,2.027712897786623,0.9381663113006397,0.004849478530445978,-0.012391734494849278,0.006618221344498954,0.5516619735285261,0.9131053988854574,1.050017626439716,1.1686649509386022,469,-0.01708082510756963,0.009397932226486265,0.0070319147208261065,0.5,200
Admission_to_groinpunture,Door-to-groin time,30,60.0,min,0.13132676618011122,0.13859275053304904,-0.007265984352937821,0.947573128284187,0.052426871715812895,324.7801553997052,3.195096564414798,0.9381663113006397,0.008479391389139055,-0.023885591475650367,0.009353622769774726,0.39150055225743086,0.8360598864183166,1.0739654226412116,1.2969649660341294,469,-0.03237087668913568,0.014618225319784907,0.012586483919929775,0.41,200
Admission_to_groinpunture,Door-to-groin time,45,60.0,min,0.12927213186791764,0.13859275053304904,-0.009320618665131397,0.9327481514777443,0.06725184852225577,236.0051893619807,4.174948325134902,0.9381663113006397,0.011397151782508006,-0.03165903615884709,0.013017798828584295,0.41346999815324514,0.7871333433196155,1.1053008355631904,1.350128233078983,469,-0.04204681321826948,0.021784700257025436,0.01662965063934384,0.42,200
Admission_to_groinpunture,Door-to-groin time,60,60.0,min,0.12590827390439863,0.13859275053304904,-0.01268447662865041,0.9084766224794301,0.09152337752056988,177.10442712875368,4.937989769764117,0.9381663113006397,0.012751818322309203,-0.03767804054037645,0.012309087283075629,0.31987292579811155,0.7502797685390716,1.1000295484247278,1.4337499462252314,469,-0.04682105209662095,0.019980245011652693,0.018570961779893955,0.34,200
