Exposure,Tertile,N,Baseline_risk,Observed_risk,DR_RD,DR_lo,DR_hi,Predicted_change
SBP_at_admission,1,157,0.04433570890227256,0.025477707006369428,-0.008870430112042419,-0.019869412952740795,0.0021285527286559573,-0.0018917145191206432
SBP_at_admission,2,156,0.1006788327565443,0.11538461538461539,-0.007311361067519962,-0.027604027086210913,0.012981304951170992,-0.004812269650553363
SBP_at_admission,3,156,0.2734714924132301,0.27564102564102566,-0.026225549084383515,-0.05755877690314844,0.005107678734381407,-0.014430559105682491
Blood_glucose_at_admission,1,146,0.04661659153150275,0.0273972602739726,0.0011621224783404124,-0.0014712251809515635,0.0037954701376323886,-0.0008795710869762865
Blood_glucose_at_admission,2,145,0.10125437736114816,0.1310344827586207,-0.01186627564154691,-0.022667978461744814,-0.0010645728213490042,-0.001835282932285062
Blood_glucose_at_admission,3,146,0.276473128675788,0.2602739726027397,-0.005305507995658677,-0.01902823905219143,0.008417223060874075,-0.005076427696246274
Admission_to_groinpunture,1,157,0.044073201223585295,0.03821656050955414,0.008058304730733216,-0.004865727469510197,0.020982336930976626,-0.0004316450366922455
Admission_to_groinpunture,2,156,0.10070005833352058,0.10256410256410256,-0.00973471089227902,-0.032693520707314655,0.013224098922756616,-0.0030728263717095016
Admission_to_groinpunture,3,156,0.2762128918095703,0.27564102564102566,-0.020219779519598913,-0.06168279611856012,0.021243237079362293,-0.009666016920501667
