pred,obs,n,Model
0.022623470295815074,0.07446808510638298,94,XGBoost
0.03850024297673215,0.08602150537634409,93,XGBoost
0.05108727418607281,0.06451612903225806,93,XGBoost
0.06370055479227855,0.08602150537634409,93,XGBoost
0.07800472695981303,0.11827956989247312,93,XGBoost
0.09700384047082676,0.11827956989247312,93,XGBoost
0.11991508761721273,0.16129032258064516,93,XGBoost
0.1578939837473695,0.16129032258064516,93,XGBoost
0.21330703170068802,0.1827956989247312,93,XGBoost
0.3349304655764965,0.26595744680851063,94,XGBoost
0.05698566388418066,0.10638297872340426,94,XGBoost monotone + recalibrated
0.07905222980245467,0.043010752688172046,93,XGBoost monotone + recalibrated
0.0929499051423483,0.08602150537634409,93,XGBoost monotone + recalibrated
0.10382500619337123,0.08602150537634409,93,XGBoost monotone + recalibrated
0.11560378872579144,0.0967741935483871,93,XGBoost monotone + recalibrated
0.12859655532144731,0.10752688172043011,93,XGBoost monotone + recalibrated
0.1422792109110022,0.13978494623655913,93,XGBoost monotone + recalibrated
0.16424843588823912,0.21505376344086022,93,XGBoost monotone + recalibrated
0.1925827463467916,0.1827956989247312,93,XGBoost monotone + recalibrated
0.25669309243242794,0.2553191489361702,94,XGBoost monotone + recalibrated
0.055934818243568246,0.0851063829787234,94,"XGBoost monotone + recalibrated, with DBP"
0.07971106982359322,0.06451612903225806,93,"XGBoost monotone + recalibrated, with DBP"
0.09317318830759294,0.08602150537634409,93,"XGBoost monotone + recalibrated, with DBP"
0.10386979091231541,0.0967741935483871,93,"XGBoost monotone + recalibrated, with DBP"
0.1158825435465382,0.12903225806451613,93,"XGBoost monotone + recalibrated, with DBP"
0.12852688590365072,0.06451612903225806,93,"XGBoost monotone + recalibrated, with DBP"
0.14368447805604628,0.17204301075268819,93,"XGBoost monotone + recalibrated, with DBP"
0.1642118211715452,0.15053763440860216,93,"XGBoost monotone + recalibrated, with DBP"
0.19310904750900884,0.20430107526881722,93,"XGBoost monotone + recalibrated, with DBP"
0.2621197205908755,0.26595744680851063,94,"XGBoost monotone + recalibrated, with DBP"
