Exposure,Configuration,Risk_policy,Risk_natural,RD,RR,Prevented_fraction,ESS,Ratio_max,Pct_shifted,RD_se,RD_lo,RD_hi,p,RR_lo,RR_hi,E_value,N,N_treated,Boot_lo,Boot_hi,Boot_se,Boot_p,Boot_B
admissionSBP,"PRIMARY: DR, tier-based set, flexible, ratio truncated",0.11967738196650399,0.13197424892703863,-0.012296866960534635,0.9068237397787131,0.09317626022128683,792.4465772656054,1.9640901482524984,0.5622317596566524,0.004741375307083511,-0.021589962562418318,-0.0030037713586509533,0.009499812367150787,0.8426920703792351,0.9758362827702152,1.439362259281383,932.0,,,,,,
admissionSBP,− outcome model (IPW only),0.12038618614145581,0.13197424892703863,-0.011588062785582817,0.9121945161287546,0.08780548387124541,792.4465772656054,1.964090148252498,0.5622317596566524,0.005030997948314404,-0.02144881876427905,-0.001727306806886585,0.021260123350604475,0.8425775853224575,0.9875634785785308,1.4211003007801875,932.0,,,,,,
admissionSBP,− density ratio (g-computation only),0.12676810333397173,0.1344169322651655,-0.007648828931193757,0.9430979010976199,0.05690209890238013,792.4465772656054,1.9640901482524982,0.5622317596566524,0.00032231958549816975,-0.00828057531877017,-0.007017082543617345,1.7439371660974846e-124,0.9391661933057771,0.947046069254012,1.3132693932239103,932.0,,,,,,
admissionSBP,linear instead of flexible nuisances,0.1223923689090114,0.13197424892703863,-0.00958188001802724,0.9273958359609643,0.07260416403903568,671.710329082592,3.4664709674773273,0.5622317596566524,0.007714097581581768,-0.024701511277927503,0.005537751241873024,0.21419013223391303,0.822368569633918,1.0458770620060682,1.368834697623075,932.0,,,,,,
admissionSBP,minimal clinical adjustment set,0.115328500463939,0.13197424892703863,-0.016645748463099623,0.873871239287733,0.12612876071226706,746.7581282036281,1.9977700022791787,0.5622317596566524,0.00550205662543552,-0.027429779448953244,-0.005861717477246004,0.002483304147632974,0.7997927524877,0.9548116873605655,1.5507388856100577,932.0,,,,,,
admissionSBP,no ratio truncation,0.11954345193628739,0.13197424892703863,-0.012430796990751239,0.905808920362763,0.09419107963723702,789.7355257840143,2.5529727023437694,0.5622317596566524,0.004740213006045522,-0.02172161448260046,-0.0031399794989020163,0.008730951391952532,0.8415615369379881,0.9749614434234568,1.4428050147053104,932.0,,,,,,
Blood glucose on admission,"PRIMARY: DR, tier-based set, flexible, ratio truncated",0.12807336179954737,0.13197424892703863,-0.003900887127491273,0.9704420585136433,0.02955794148635664,905.7784856805213,1.297128468817884,0.3165236051502146,0.002039992111036117,-0.007899271665122063,9.749741013951631e-05,0.05584965284664241,0.9412306102864483,1.0005600955642662,1.2076189624482896,932.0,,,,,,
Blood glucose on admission,− outcome model (IPW only),0.12839461565169938,0.13197424892703863,-0.00357963327533925,0.9728762746941774,0.02712372530582261,905.7784856805213,1.2971284688178835,0.3165236051502146,0.0021908572134948256,-0.007873713413789108,0.0007144468631106078,0.10228064784530508,0.9411838045869658,1.0056359347469908,1.1971643788079636,932.0,,,,,,
Blood glucose on admission,− density ratio (g-computation only),0.13198735201901257,0.13451459720327982,-0.0025272451842672516,0.9812103874241276,0.018789612575872465,905.7784856805213,1.297128468817884,0.3165236051502146,0.00018512699630920807,-0.0028900940970332995,-0.0021643962715012038,1.9800020176959304e-42,0.9787796805562529,0.9836471308373007,1.1588495416574887,932.0,,,,,,
Blood glucose on admission,linear instead of flexible nuisances,0.12858176986785516,0.13197424892703863,-0.0033924790591834675,0.9742943863157805,0.025705613684219444,892.5440016324167,1.5365206764674908,0.3165236051502146,0.0027880676031000824,-0.00885709156125963,0.002072133442892694,0.22368599846863202,0.9343301175522982,1.0159680726147386,1.1909436401974365,932.0,,,,,,
Blood glucose on admission,minimal clinical adjustment set,0.12661919882216055,0.13197424892703863,-0.005355050104878065,0.9594235227825499,0.04057647721745005,879.0976387042665,1.7808490838675328,0.3165236051502146,0.0027483346278453146,-0.01074178597545488,3.1685765698751846e-05,0.05135864091882988,0.9211588096658405,0.9992777630552044,1.252247843631856,932.0,,,,,,
Blood glucose on admission,no ratio truncation,0.12805982765104226,0.13197424892703863,-0.003914421275996366,0.9703395070794422,0.029660492920557828,905.3283928240704,1.5802391881003928,0.3165236051502146,0.0020470070524245343,-0.007926555098748452,9.771254675572123e-05,0.05584212905827498,0.941009598979984,1.0005835859913523,1.208053687433938,932.0,,,,,,
DAPT,crude (unadjusted) difference,0.08892355694227769,0.2268041237113402,-0.13788056676906252,,,,,,,,,,,,,,,,,,,
DAPT,"PRIMARY: AIPW, tier-based set, flexible",0.08309345544530308,0.2348461818247503,-0.1517527263794472,0.3541493576148711,,,,,0.032103186854166924,-0.21467497261361437,-0.08883048014528003,2.2782764983265587e-06,0.24932981644857236,0.5030589417473249,5.092903018888726,932.0,641.0,-0.2316363728484755,-0.07986232631752113,0.04212977103810886,0.0,200.0
DAPT,linear instead of flexible nuisances,0.07133481747703962,0.20925939606789049,-0.1379245785908509,0.3459888742452525,,,,,0.08384481934868183,-0.30226042451426727,0.02641126733256549,0.09997017813839287,0.1471750508394455,0.8516672076791187,5.227652326826239,932.0,641.0,,,,,
DAPT,minimal clinical adjustment set,0.08196605764371187,0.2387519857273756,-0.1567859280836637,0.34332063114072586,,,,,0.028328476185424587,-0.2123097414070959,-0.10126211476023152,3.119932118725524e-08,0.24767195228945532,0.4759096765678996,5.273081172446971,932.0,641.0,,,,,
DAPT,restricted to DAPT or SAPT patients,0.08254536638122185,0.2291932832607374,-0.14664791687951556,0.3605259394856871,,,,,0.03422783959106548,-0.2137344824780039,-0.07956135128102723,1.831809786565263e-05,0.24830385284824164,0.5235219146829323,4.991793996372957,892.0,641.0,,,,,
